City_ID,City,Country,Date,Lat,Lng,Max Temp,Humidity,Cloudiness,Wind Speed
0,Barrow,US,2022-06-16 04:18:07,71.2906,-156.7887,37.42,87,0,10.36
1,Tasiilaq,GL,2022-06-16 04:18:08,65.6145,-37.6368,41.16,97,100,7.87
2,Rosarito,MX,2022-06-16 04:18:08,32.3333,-117.0333,64.47,75,7,2.21
3,Ribeira Grande,PT,2022-06-16 04:18:09,38.5167,-28.7,64.99,91,23,3.24
4,Vaini,TO,2022-06-16 04:18:10,-21.2,-175.2,78.96,78,75,6.91
5,Bluff,NZ,2022-06-16 04:18:10,-46.6,168.3333,47.8,71,99,22.37
6,Umm Lajj,SA,2022-06-16 04:17:19,25.0213,37.2685,81.72,68,0,7.67
7,Ust-Koksa,RU,2022-06-16 04:18:11,50.2696,85.6108,64.53,52,6,6.55
8,Dikson,RU,2022-06-16 04:18:11,73.5069,80.5464,35.46,87,70,6.78
9,Port Alfred,ZA,2022-06-16 04:18:12,-33.5906,26.891,47.17,74,32,5.01
10,Ahipara,NZ,2022-06-16 04:18:12,-35.1667,173.1667,60.1,69,1,6.98
11,Mataura,NZ,2022-06-16 04:18:13,-46.1927,168.8643,47.48,95,100,7.49
12,Tessalit,ML,2022-06-16 04:18:13,20.1986,1.0114,84.33,37,88,9.73
13,Rikitea,PF,2022-06-16 04:18:14,-23.1203,-134.9692,72.95,67,82,9.13
14,Nemuro,JP,2022-06-16 04:13:31,43.3236,145.575,53.31,99,100,16.28
15,Kayerkan,RU,2022-06-16 04:18:14,69.3497,87.7602,71.53,46,100,9.51
16,Hobart,AU,2022-06-16 04:17:17,-42.8794,147.3294,53.46,85,75,6.91
17,Torbay,CA,2022-06-16 04:18:15,47.6666,-52.7314,40.39,81,20,5.75
18,Bandarbeyla,SO,2022-06-16 04:18:15,9.4942,50.8122,81.1,65,96,22.62
19,Butaritari,KI,2022-06-16 04:18:16,3.0707,172.7902,82.54,71,24,12.82
20,Punta Arenas,CL,2022-06-16 04:18:17,-53.15,-70.9167,42.91,56,75,20.71
21,Nanortalik,GL,2022-06-16 04:18:17,60.1432,-45.2371,36.84,88,3,7.58
22,Cabo San Lucas,MX,2022-06-16 04:14:46,22.8909,-109.9124,87.1,70,43,12.88
23,Busselton,AU,2022-06-16 04:18:18,-33.65,115.3333,66.56,71,47,16.35
24,Portland,US,2022-06-16 04:15:36,45.5234,-122.6762,65.14,71,100,6.91
25,Puerto Ayora,EC,2022-06-16 04:18:18,-0.7393,-90.3518,70.56,94,13,3.0
26,Port Elizabeth,ZA,2022-06-16 04:18:19,-33.918,25.5701,47.1,85,20,6.91
27,Colares,PT,2022-06-16 04:18:19,38.7992,-9.4469,65.34,79,99,21.0
28,Provideniya,RU,2022-06-16 04:18:19,64.3833,-173.3,37.51,100,100,22.37
29,Kaitangata,NZ,2022-06-16 04:18:20,-46.2817,169.8464,46.02,89,100,12.53
30,Midyat,TR,2022-06-16 04:18:20,37.4247,41.3393,75.94,33,0,4.23
31,Qaanaaq,GL,2022-06-16 04:18:21,77.484,-69.3632,23.45,76,20,6.02
32,Osoyoos,CA,2022-06-16 04:14:05,49.0331,-119.4524,59.31,71,82,3.02
33,Albany,US,2022-06-16 04:18:22,42.6001,-73.9662,71.64,74,88,3.0
34,Kapaa,US,2022-06-16 04:18:22,22.0752,-159.319,82.38,88,75,19.57
35,New Norfolk,AU,2022-06-16 04:18:23,-42.7826,147.0587,53.1,68,48,1.25
36,Thompson,CA,2022-06-16 04:14:05,55.7435,-97.8558,59.16,77,75,2.3
37,Trairi,BR,2022-06-16 04:14:45,-3.2778,-39.2689,71.91,88,9,7.54
38,Yumen,CN,2022-06-16 04:18:24,40.2833,97.2,90.73,5,100,14.07
39,Upernavik,GL,2022-06-16 04:18:25,72.7868,-56.1549,29.66,70,100,5.84
40,Sembakung,ID,2022-06-16 04:18:25,3.8167,117.25,86.04,64,100,1.97
41,Talnakh,RU,2022-06-16 04:18:26,69.4865,88.3972,72.21,42,100,6.69
42,Ushuaia,AR,2022-06-16 04:13:56,-54.8,-68.3,46.06,49,75,11.5
43,Korla,CN,2022-06-16 04:19:26,41.7597,86.1469,93.04,15,59,15.35
44,Darnah,LY,2022-06-16 04:19:27,32.767,22.6367,73.18,77,0,10.78
45,Saint-Philippe,RE,2022-06-16 04:19:27,-21.3585,55.7679,71.19,80,74,16.71
46,Bredasdorp,ZA,2022-06-16 04:19:28,-34.5322,20.0403,44.31,81,40,3.83
47,Hailar,CN,2022-06-16 04:19:28,49.2,119.7,71.8,48,53,7.85
48,Aklavik,CA,2022-06-16 04:19:29,68.2191,-135.0107,60.42,36,8,13.49
49,Bethel,US,2022-06-16 04:19:29,41.3712,-73.414,66.29,85,75,1.01
50,Hilo,US,2022-06-16 04:19:30,19.7297,-155.09,80.33,76,20,5.75
51,Mattoon,US,2022-06-16 04:19:31,39.4831,-88.3728,84.15,65,0,14.5
52,Dhidhdhoo,MV,2022-06-16 04:19:31,6.8833,73.1,83.03,75,99,10.71
53,Manzanillo,CU,2022-06-16 04:19:32,20.3433,-77.1167,73.22,88,100,5.79
54,Ampanihy,MG,2022-06-16 04:19:32,-24.7,44.75,63.34,89,74,7.27
55,Zhicheng,CN,2022-06-16 04:19:33,30.2956,111.5047,96.21,28,71,9.13
56,Mar Del Plata,AR,2022-06-16 04:17:15,-38.0023,-57.5575,46.94,93,86,4.0
57,Novikovo,RU,2022-06-16 04:19:34,51.1537,37.8879,57.94,79,97,7.67
58,La Rioja,ES,2022-06-16 04:15:19,42.25,-2.5,58.78,29,100,6.31
59,Lebu,CL,2022-06-16 04:19:34,-37.6167,-73.65,48.67,89,63,7.81
60,Carutapera,BR,2022-06-16 04:19:35,-1.195,-46.02,72.73,87,92,5.19
61,Yellowknife,CA,2022-06-16 04:19:35,62.456,-114.3525,59.56,82,100,10.36
62,Ilulissat,GL,2022-06-16 04:19:36,69.2167,-51.1,37.42,60,0,3.44
63,Ketchikan,US,2022-06-16 04:19:36,55.3422,-131.6461,60.08,71,95,6.82
64,Ganzhou,CN,2022-06-16 04:16:24,28.8184,115.4327,81.12,70,100,5.32
65,Mangai,CD,2022-06-16 04:19:37,-4.05,19.5333,72.03,81,83,0.07
66,Souris,CA,2022-06-16 04:19:37,49.6172,-100.2612,51.66,96,62,8.86
67,Umm Kaddadah,SD,2022-06-16 04:19:38,13.6017,26.6876,84.2,29,6,5.03
68,Pevek,RU,2022-06-16 04:19:38,69.7008,170.3133,35.31,80,16,7.7
69,Hermanus,ZA,2022-06-16 04:19:39,-34.4187,19.2345,44.8,72,65,7.87
70,Laje,BR,2022-06-16 04:19:39,-10.1833,-40.9667,64.06,80,58,9.91
71,La Ronge,CA,2022-06-16 04:19:40,55.1001,-105.2842,59.25,77,75,5.75
72,Hervey Bay,AU,2022-06-16 04:19:40,-25.2986,152.8535,75.02,60,8,8.99
73,Victoria,HK,2022-06-16 04:16:33,22.2855,114.1577,87.85,80,100,13.0
74,Isangel,VU,2022-06-16 04:19:41,-19.55,169.2667,79.14,79,7,15.57
75,Atuona,PF,2022-06-16 04:19:41,-9.8,-139.0333,77.88,69,68,19.24
76,Hasaki,JP,2022-06-16 04:19:42,35.7333,140.8333,75.29,82,100,9.89
77,Norman Wells,CA,2022-06-16 04:19:43,65.282,-126.8329,60.84,48,40,2.3
78,Saint-Augustin,CA,2022-06-16 04:19:43,51.226,-58.6502,49.91,80,11,5.66
79,Xiongzhou,CN,2022-06-16 04:19:44,25.1167,114.3,77.63,86,100,1.77
80,Peachland,CA,2022-06-16 04:18:24,49.7665,-119.7357,67.12,67,100,3.2
81,Anadyr,RU,2022-06-16 04:19:45,64.75,177.4833,57.7,62,40,15.66
82,Havoysund,NO,2022-06-16 04:19:45,70.9963,24.6622,39.43,85,100,16.33
83,Padang,ID,2022-06-16 04:19:45,-0.9492,100.3543,84.25,63,73,4.97
84,Oytal,KZ,2022-06-16 04:19:46,42.9057,73.2697,79.54,39,55,4.34
85,Tamiahua,MX,2022-06-16 04:19:46,21.2667,-97.45,79.75,83,99,11.9
86,Hohhot,CN,2022-06-16 04:19:47,40.8106,111.6522,89.89,18,0,6.71
87,Kargasok,RU,2022-06-16 04:19:47,59.0556,80.8572,55.0,96,100,9.84
88,Fort Nelson,CA,2022-06-16 04:20:48,58.8053,-122.7002,67.59,40,75,3.44
89,Moron,AR,2022-06-16 04:20:48,-34.6534,-58.6198,55.96,95,72,1.14
90,Shirokiy,RU,2022-06-16 04:20:49,49.758,129.523,71.02,76,86,8.01
91,Oslo,NO,2022-06-16 04:17:06,59.9127,10.7461,57.54,1,100,1.36
92,Ibra,OM,2022-06-16 04:20:50,22.6906,58.5334,86.99,51,13,3.02
93,Cape Town,ZA,2022-06-16 04:20:50,-33.9258,18.4232,55.38,74,0,5.75
94,San Patricio,US,2022-06-16 04:20:51,28.017,-97.5169,83.84,82,99,15.1
95,Taltal,CL,2022-06-16 04:20:52,-25.4,-70.4833,54.09,84,46,1.61
96,Sao Filipe,CV,2022-06-16 04:20:52,14.8961,-24.4956,72.52,86,80,8.61
97,Lavrentiya,RU,2022-06-16 04:20:52,65.5833,-171.0,39.45,94,100,16.13
98,Tubinskiy,RU,2022-06-16 04:20:53,52.8892,58.2225,66.29,63,3,3.27
99,Nishihara,JP,2022-06-16 04:20:53,26.1842,127.7558,76.28,97,100,10.36
100,The Valley,AI,2022-06-16 04:20:54,18.217,-63.0578,82.26,83,100,19.08
101,Kaeo,NZ,2022-06-16 04:20:54,-35.1,173.7833,63.32,71,12,7.23
102,Ahuimanu,US,2022-06-16 04:20:55,21.4447,-157.8378,80.31,76,75,12.66
103,Chokurdakh,RU,2022-06-16 04:20:55,70.6333,147.9167,69.08,23,91,7.25
104,Port-Cartier,CA,2022-06-16 04:20:56,50.0334,-66.8654,65.88,75,77,5.21
105,Carnarvon,AU,2022-06-16 04:20:56,-24.8667,113.6333,74.03,74,94,4.18
106,Daru,PG,2022-06-16 04:20:57,-9.0763,143.2092,81.01,87,40,13.51
107,Liverpool,GB,2022-06-16 04:20:57,53.4106,-2.9779,53.15,85,50,3.44
108,Nome,US,2022-06-16 04:20:58,64.5011,-165.4064,44.67,81,100,9.22
109,Goroka,PG,2022-06-16 04:20:58,-6.0834,145.3873,74.23,65,35,4.54
110,Coos Bay,US,2022-06-16 04:19:41,43.3665,-124.2179,58.98,91,100,8.05
111,Port Lincoln,AU,2022-06-16 04:16:57,-34.7333,135.8667,62.04,59,4,8.12
112,Hithadhoo,MV,2022-06-16 04:20:59,-0.6,73.0833,81.97,72,97,4.18
113,Kingisepp,RU,2022-06-16 04:21:00,59.3733,28.6134,54.66,76,7,9.95
114,Itaituba,BR,2022-06-16 04:21:00,-4.2761,-55.9836,70.61,99,6,0.98
115,Pahrump,US,2022-06-16 04:19:14,36.2083,-115.9839,84.94,10,0,1.01
116,Jamestown,US,2022-06-16 04:16:19,42.097,-79.2353,76.05,90,55,5.19
117,Saskylakh,RU,2022-06-16 04:21:01,71.9167,114.0833,55.71,32,11,6.02
118,Bathsheba,BB,2022-06-16 04:21:01,13.2167,-59.5167,83.01,83,75,18.41
119,Katsuura,JP,2022-06-16 04:21:02,35.1333,140.3,69.82,82,100,14.83
120,Saint George,US,2022-06-16 04:21:02,37.1041,-113.5841,90.19,16,0,5.75
121,Esperance,AU,2022-06-16 04:21:03,-33.8667,121.9,65.73,55,0,7.45
122,Roanne,FR,2022-06-16 04:21:03,46.0,4.0,61.34,57,58,2.66
123,Vanderhoof,CA,2022-06-16 04:21:04,54.0166,-124.0198,54.55,86,100,2.91
124,Tommot,RU,2022-06-16 04:21:04,58.9564,126.2925,72.57,41,14,2.8
125,Cherskiy,RU,2022-06-16 04:21:05,68.75,161.3,62.65,21,15,12.1
126,Kirakira,SB,2022-06-16 04:21:05,-10.4544,161.9205,83.07,75,96,9.71
127,Teknaf,BD,2022-06-16 04:21:06,20.8624,92.3058,78.35,92,100,10.85
128,Georgetown,MY,2022-06-16 04:21:06,5.4112,100.3354,87.73,70,20,6.91
129,Iquique,CL,2022-06-16 04:21:07,-20.2208,-70.1431,60.84,83,67,4.0
130,Ust-Nera,RU,2022-06-16 04:21:07,64.5667,143.2,60.53,56,99,4.81
131,Tamuin,MX,2022-06-16 04:21:07,21.9833,-98.75,74.77,91,87,5.5
132,Puerto Escondido,MX,2022-06-16 04:21:08,15.85,-97.0667,76.03,73,100,5.75
133,Nikolskoye,RU,2022-06-16 04:21:08,59.7035,30.7861,57.79,83,12,10.67
134,Kazanskoye,RU,2022-06-16 04:21:09,55.6448,69.235,65.64,69,55,8.19
135,Anacortes,US,2022-06-16 04:21:09,48.5126,-122.6127,57.94,85,40,5.75
136,Broome,US,2022-06-16 04:21:10,42.2506,-75.833,74.66,63,20,8.05
137,Avarua,CK,2022-06-16 04:22:10,-21.2078,-159.775,77.05,78,11,5.75
138,Jieshi,CN,2022-06-16 04:22:10,22.8134,115.8257,82.11,81,100,12.8
139,Saint-Denis,FR,2022-06-16 04:22:11,48.9167,2.3333,65.14,75,0,8.05
140,Vostok,RU,2022-06-16 04:22:11,46.4856,135.8833,69.24,60,87,3.33
141,Jibuti,DJ,2022-06-16 04:22:12,11.5,42.5,84.92,49,74,2.37
142,Qaqortoq,GL,2022-06-16 04:22:12,60.7167,-46.0333,38.25,79,2,2.46
143,Faanui,PF,2022-06-16 04:22:13,-16.4833,-151.75,80.76,71,9,17.02
144,Ponta Do Sol,PT,2022-06-16 04:22:13,32.6667,-17.1,67.01,73,38,6.51
145,Samarai,PG,2022-06-16 04:22:14,-10.6167,150.6667,80.78,83,63,11.86
146,Castro,BR,2022-06-16 04:22:14,-24.7911,-50.0119,50.43,90,9,1.95
147,Tuktoyaktuk,CA,2022-06-16 04:22:15,69.4541,-133.0374,41.0,75,20,13.8
148,Los Llanos De Aridane,ES,2022-06-16 04:22:15,28.6585,-17.9182,64.15,84,0,5.01
149,Koslan,RU,2022-06-16 04:22:16,63.4564,48.8989,61.39,95,100,6.96
150,Codrington,AU,2022-06-16 04:22:16,-38.2667,141.9667,57.65,79,46,15.21
151,Ixtapa,MX,2022-06-16 04:18:32,20.7,-105.2,78.22,94,100,4.61
152,Banda Aceh,ID,2022-06-16 04:22:17,5.5577,95.3222,84.02,63,98,1.25
153,Faro,PT,2022-06-16 04:22:18,37.0194,-7.9322,66.18,82,0,8.05
154,Dali,CN,2022-06-16 04:22:18,25.7,100.1833,64.0,84,100,4.25
155,Sao Joao Da Barra,BR,2022-06-16 04:22:19,-21.6403,-41.0511,63.59,85,58,5.68
156,Hofn,IS,2022-06-16 04:22:19,64.2539,-15.2082,48.54,81,6,10.92
157,San Quintin,MX,2022-06-16 04:22:20,30.4833,-115.95,62.46,83,0,3.96
158,Tautira,PF,2022-06-16 04:22:20,-17.7333,-149.15,78.94,77,30,15.32
159,Vardo,NO,2022-06-16 04:22:21,70.3705,31.1107,40.98,93,100,18.41
160,Mahebourg,MU,2022-06-16 04:22:21,-20.4081,57.7,74.25,83,20,10.36
161,Waipawa,NZ,2022-06-16 04:22:22,-41.4122,175.5153,53.85,65,21,17.22
162,Auki,SB,2022-06-16 04:22:22,-8.7676,160.7034,84.54,65,65,5.86
163,Urmary,RU,2022-06-16 04:22:22,55.6789,47.944,62.17,83,100,5.97
164,Parrita,CR,2022-06-16 04:22:23,9.5201,-84.3225,76.26,85,100,2.62
165,Ayna,PE,2022-06-16 04:22:23,-12.65,-73.9167,53.08,38,1,4.74
166,Aljezur,PT,2022-06-16 04:22:24,37.3191,-8.8033,61.9,92,77,2.33
167,Bhawanipatna,IN,2022-06-16 04:22:24,19.9,83.1667,89.76,49,100,8.23
168,Port Hardy,CA,2022-06-16 04:22:25,50.6996,-127.4199,51.98,93,100,3.44
169,Sechura,PE,2022-06-16 04:22:26,-5.5569,-80.8222,63.09,79,2,13.89
170,Teguldet,RU,2022-06-16 04:22:26,57.3064,88.1667,64.08,84,100,5.59
171,Kodiak,US,2022-06-16 04:22:27,57.79,-152.4072,54.91,76,75,3.44
172,Saldanha,ZA,2022-06-16 04:22:27,-33.0117,17.9442,42.85,71,32,8.61
173,Gimli,CA,2022-06-16 04:19:25,50.6336,-96.9907,59.02,82,100,2.3
174,Tuatapere,NZ,2022-06-16 04:22:28,-46.1333,167.6833,47.5,85,100,12.44
175,Diu,IN,2022-06-16 04:22:29,20.7141,70.9822,87.44,66,47,12.84
176,Lorengau,PG,2022-06-16 04:22:29,-2.0226,147.2712,85.44,67,96,9.46
177,Altamont,US,2022-06-16 04:22:30,42.2068,-121.7372,59.77,44,0,3.44
178,Fare,PF,2022-06-16 04:22:30,-16.7,-151.0167,80.47,71,2,16.26
179,Hamilton,US,2022-06-16 04:21:33,39.1834,-84.5333,84.74,74,0,5.75
180,Shingu,JP,2022-06-16 04:22:31,33.7333,135.9833,77.49,70,100,12.93
181,Sri Aman,MY,2022-06-16 04:22:31,1.2376,111.4621,86.05,79,40,3.44
182,Anklam,DE,2022-06-16 04:22:31,53.8564,13.6897,54.05,76,99,4.68
183,Templin,DE,2022-06-16 04:22:32,53.1186,13.5022,59.18,81,100,5.79
184,Westport,US,2022-06-16 04:22:32,41.1415,-73.3579,66.56,85,100,1.01
185,Vieste,IT,2022-06-16 04:22:33,41.8825,16.175,72.59,52,23,3.98
186,Thunder Bay,CA,2022-06-16 04:20:54,48.4001,-89.3168,54.28,100,100,2.3
187,Swellendam,ZA,2022-06-16 04:23:33,-34.0226,20.4417,45.88,71,19,5.3
188,Ouesso,CG,2022-06-16 04:23:34,1.6136,16.0517,70.84,96,100,0.81
189,Zyryanka,RU,2022-06-16 04:23:35,65.75,150.85,73.36,26,71,7.0
190,Terney,RU,2022-06-16 04:23:35,45.0503,136.6092,62.56,75,71,6.89
191,Mitsamiouli,KM,2022-06-16 04:23:36,-11.3847,43.2844,77.59,76,4,4.14
192,Matay,EG,2022-06-16 04:23:36,28.419,30.7792,75.31,63,0,14.67
193,Ambilobe,MG,2022-06-16 04:23:36,-13.2,49.05,69.42,84,0,3.06
194,Myszkow,PL,2022-06-16 04:23:37,50.5752,19.3246,60.55,88,43,5.32
195,Tiksi,RU,2022-06-16 04:23:37,71.6872,128.8694,36.88,73,10,10.38
196,Airai,TL,2022-06-16 04:23:38,-8.9266,125.4092,72.63,52,58,5.3
197,Marsaxlokk,MT,2022-06-16 04:23:38,35.8419,14.5431,74.08,56,0,5.75
198,Songjianghe,CN,2022-06-16 04:23:38,42.1859,127.479,62.82,90,97,2.26
199,Kastamonu,TR,2022-06-16 04:23:39,41.5,33.6667,55.24,78,0,1.45
200,Tomaszow Mazowiecki,PL,2022-06-16 04:23:40,51.5313,20.0086,60.57,10,80,5.77
201,Manono,CD,2022-06-16 04:23:40,-7.3,27.4167,69.08,50,3,4.34
202,Tilichiki,RU,2022-06-16 04:23:40,60.4667,166.1,49.95,71,92,10.83
203,Requena,ES,2022-06-16 04:23:41,39.4883,-1.1004,65.79,34,100,2.53
204,Matadi,CD,2022-06-16 04:23:42,-5.8167,13.45,66.9,98,71,2.44
205,Salinas,US,2022-06-16 04:23:42,36.6777,-121.6555,66.49,68,0,11.5
206,Longyearbyen,SJ,2022-06-16 04:22:19,78.2186,15.6401,39.04,70,75,11.5
207,Gazipur,BD,2022-06-16 04:23:43,23.9981,90.423,87.76,70,75,17.27
208,Mahibadhoo,MV,2022-06-16 04:23:43,3.7833,72.9667,83.28,72,87,8.03
209,Coihaique,CL,2022-06-16 04:23:44,-45.5752,-72.0662,42.75,61,40,9.22
210,Clyde River,CA,2022-06-16 04:23:44,70.4692,-68.5914,30.43,93,100,29.93
211,Ferkessedougou,CI,2022-06-16 04:23:45,9.6,-5.2,73.0,93,100,5.68
212,Sokoto,NG,2022-06-16 04:23:46,13.0609,5.239,77.76,57,92,10.51
213,Vila Franca Do Campo,PT,2022-06-16 04:23:46,37.7167,-25.4333,63.19,86,72,7.76
214,Hambantota,LK,2022-06-16 04:23:47,6.1241,81.1185,82.74,83,75,4.61
215,Faya,SA,2022-06-16 04:23:47,18.3851,42.4509,72.12,18,62,2.98
216,Anton Lizardo,MX,2022-06-16 04:23:48,19.05,-95.9833,80.82,84,74,10.38
217,Porto Novo,BJ,2022-06-16 04:19:36,6.4965,2.6036,75.02,97,99,4.56
218,Elmvale,CA,2022-06-16 04:23:48,44.5834,-79.8664,68.74,94,31,10.36
219,Shenjiamen,CN,2022-06-16 04:23:49,29.9576,122.298,75.04,84,100,10.76
220,Chulman,RU,2022-06-16 04:23:50,56.8479,124.9104,64.72,44,66,5.5
221,Tazovskiy,RU,2022-06-16 04:23:50,67.4667,78.7,59.79,69,99,15.37
222,Kavaratti,IN,2022-06-16 04:23:51,10.5669,72.642,82.94,75,100,15.37
223,Geraldton,AU,2022-06-16 04:23:51,-28.7667,114.6,72.01,68,62,8.05
224,Poum,NC,2022-06-16 04:23:52,-20.2333,164.0167,79.0,77,6,15.41
225,Egvekinot,RU,2022-06-16 04:23:52,66.3167,-179.1667,32.14,99,100,4.07
226,Seydi,TM,2022-06-16 04:24:53,39.4816,62.9137,93.06,16,3,9.08
227,Santa Maria Del Oro,MX,2022-06-16 04:24:53,25.9333,-105.3667,75.42,41,96,2.55
228,Prestea,GH,2022-06-16 04:24:54,5.4327,-2.1428,72.63,99,100,2.21
229,Kloulklubed,PW,2022-06-16 04:24:54,7.0419,134.2556,82.9,72,99,11.03
230,Kenai,US,2022-06-16 04:24:54,60.5544,-151.2583,64.02,70,0,14.97
231,East London,ZA,2022-06-16 04:20:19,-33.0153,27.9116,52.74,54,0,14.97
232,Mehamn,NO,2022-06-16 04:24:55,71.0357,27.8492,39.15,93,75,11.5
233,Okhotsk,RU,2022-06-16 04:24:55,59.3833,143.3,49.3,80,96,7.0
234,Kavieng,PG,2022-06-16 04:24:56,-2.5744,150.7967,84.29,71,76,11.97
235,Bonthe,SL,2022-06-16 04:24:56,7.5264,-12.505,76.15,89,100,7.76
236,Bafoulabe,ML,2022-06-16 04:24:57,13.8065,-10.8321,83.89,56,98,11.48
237,Dukat,RU,2022-06-16 04:24:57,62.55,155.55,56.7,46,83,6.15
238,Zharkent,KZ,2022-06-16 04:24:58,44.1628,80.0,74.62,44,100,4.47
239,Chifeng,CN,2022-06-16 04:24:59,42.2683,118.9636,82.58,27,24,1.19
240,Betsiamites,CA,2022-06-16 04:24:59,48.9413,-68.646,70.2,76,100,5.66
241,Kahului,US,2022-06-16 04:24:59,20.8947,-156.47,82.42,71,40,17.27
242,Luderitz,NA,2022-06-16 04:25:00,-26.6481,15.1594,61.41,37,2,14.72
243,Flinders,AU,2022-06-16 04:25:00,-34.5833,150.8552,69.19,57,79,7.0
244,Pizhanka,RU,2022-06-16 04:25:01,57.4604,48.542,62.29,84,90,6.31
245,Gizo,SB,2022-06-16 04:25:01,-8.103,156.8419,84.04,71,86,10.92
246,Luziania,BR,2022-06-16 04:25:01,-16.2525,-47.9503,65.89,78,53,6.04
247,Banikoara,BJ,2022-06-16 04:25:02,11.2985,2.4386,74.62,82,100,5.93
248,Kolaras,IN,2022-06-16 04:25:02,25.2333,77.6,82.17,60,91,16.75
249,Kaka,TM,2022-06-16 04:25:03,37.3482,59.6143,87.49,29,21,8.14
250,Guerrero Negro,MX,2022-06-16 04:25:03,27.9769,-114.0611,63.0,84,0,14.85
251,Makat,KZ,2022-06-16 04:25:04,47.6469,53.3463,83.62,19,62,9.86
252,Monrovia,LR,2022-06-16 04:25:04,6.3005,-10.7969,76.69,87,100,12.24
253,Souillac,MU,2022-06-16 04:25:05,-20.5167,57.5167,73.78,83,20,10.36
254,Tarauaca,BR,2022-06-16 04:25:05,-8.1614,-70.7656,70.0,87,3,1.21
255,Pryluky,UA,2022-06-16 04:25:06,50.5932,32.3876,55.8,82,99,6.42
256,Olafsvik,IS,2022-06-16 04:25:06,64.8945,-23.7142,47.86,71,92,13.69
257,Pundaguitan,PH,2022-06-16 04:25:07,6.3711,126.1689,82.09,76,73,6.96
258,Ulladulla,AU,2022-06-16 04:25:07,-35.35,150.4667,59.77,53,70,12.46
259,Khatanga,RU,2022-06-16 04:25:08,71.9667,102.5,70.59,30,73,10.4
260,Aginskoye,RU,2022-06-16 04:25:08,51.1,114.53,75.38,38,0,6.89
261,Lasa,IT,2022-06-16 04:25:09,46.6166,10.7002,61.68,74,13,4.47
262,Port Blair,IN,2022-06-16 04:25:09,11.6667,92.75,86.04,70,75,9.22
263,Ihlow,DE,2022-06-16 04:25:10,51.8833,13.3333,59.43,71,99,3.69
264,Athabasca,CA,2022-06-16 04:21:47,54.7169,-113.2854,63.01,62,100,7.49
265,Ullapool,GB,2022-06-16 04:25:11,57.8987,-5.1604,57.34,96,100,2.8
266,Lazaro Cardenas,MX,2022-06-16 04:25:11,17.9583,-102.2,80.65,83,100,16.73
267,Saint-Alexandre,FR,2022-06-16 04:25:12,44.2278,4.6214,64.06,77,53,3.76
268,Santa Cruz Cabralia,BR,2022-06-16 04:25:12,-16.2781,-39.0247,66.43,94,100,5.75
269,Batabano,CU,2022-06-16 04:25:12,22.7164,-82.2881,77.72,81,6,10.92
270,Angoche,MZ,2022-06-16 04:25:13,-16.2325,39.9086,69.24,88,0,8.14
271,Iqaluit,CA,2022-06-16 04:25:14,63.7506,-68.5145,40.73,87,100,12.66
272,Laramie,US,2022-06-16 04:25:14,41.3114,-105.5911,57.96,22,0,6.91
273,Antalaha,MG,2022-06-16 04:26:15,-14.9003,50.2788,68.85,88,28,5.48
274,Pringsewu,ID,2022-06-16 04:26:15,-5.3582,104.9744,85.33,62,73,2.01
275,Tchibanga,GA,2022-06-16 04:26:15,-2.85,11.0333,68.04,92,70,1.23
276,Yurino,RU,2022-06-16 04:26:16,56.2942,46.3039,58.73,91,100,4.79
277,Constitucion,CL,2022-06-16 04:26:16,-35.3333,-72.4167,49.59,88,12,6.42
278,Kysyl-Syr,RU,2022-06-16 04:26:17,63.8986,122.7617,69.55,44,51,8.1
279,Bam,IR,2022-06-16 04:26:17,29.106,58.357,99.84,7,3,17.34
280,Xining,CN,2022-06-16 04:26:18,36.6167,101.7667,74.8,28,3,2.71
281,Dangriga,BZ,2022-06-16 04:26:18,16.9692,-88.2321,78.76,83,69,10.09
282,Huanren,CN,2022-06-16 04:26:19,41.2647,125.3667,73.11,65,98,6.82
283,Tawang,IN,2022-06-16 04:26:19,27.5833,91.8667,56.19,97,98,3.06
284,Kuopio,FI,2022-06-16 04:24:01,62.8924,27.677,51.75,87,100,20.71
285,Grand Gaube,MU,2022-06-16 04:26:20,-20.0064,57.6608,74.37,64,1,8.99
286,Kathmandu,NP,2022-06-16 04:25:40,27.7167,85.3167,79.02,73,75,3.44
287,Abha,SA,2022-06-16 04:26:21,18.2164,42.5053,71.85,18,0,0.0
288,Kieta,PG,2022-06-16 04:26:21,-6.2167,155.6333,82.31,76,81,4.29
289,Aykhal,RU,2022-06-16 04:26:21,66.0,111.5,64.65,52,24,9.69
290,Kerchevskiy,RU,2022-06-16 04:26:22,59.946,56.2884,68.23,64,88,5.37
291,Kudat,MY,2022-06-16 04:26:22,6.8837,116.8477,89.53,66,20,5.75
292,Ust-Kuyga,RU,2022-06-16 04:26:23,70.0167,135.6,53.74,54,100,14.67
293,Coquimbo,CL,2022-06-16 04:26:24,-29.9533,-71.3436,55.13,94,100,4.61
294,Dingle,PH,2022-06-16 04:26:24,10.9995,122.6711,88.61,62,77,7.56
295,Sungaipenuh,ID,2022-06-16 04:26:25,-2.0833,101.3833,73.42,83,86,1.54
296,Deputatskiy,RU,2022-06-16 04:26:25,69.3,139.9,61.09,43,89,10.31
297,Vestmannaeyjar,IS,2022-06-16 04:26:26,63.4427,-20.2734,49.21,73,100,17.67
298,Japura,ID,2022-06-16 04:26:27,-0.3167,102.35,87.24,64,96,3.06
299,Beyneu,KZ,2022-06-16 04:26:27,45.3167,55.2,83.44,18,45,15.95
300,College,US,2022-06-16 04:26:27,64.8569,-147.8028,70.12,53,75,13.8
301,Tegal,ID,2022-06-16 04:26:28,-6.8694,109.1402,85.3,64,80,2.64
302,Tonantins,BR,2022-06-16 04:26:28,-2.8731,-67.8022,70.75,99,22,1.66
303,Abu Samrah,SY,2022-06-16 04:26:29,35.3029,37.1841,71.46,63,0,4.85
304,Camalu,MX,2022-06-16 04:26:29,30.85,-116.0667,68.88,86,0,2.93
305,Khanpur,PK,2022-06-16 04:26:30,28.6453,70.6567,97.39,36,3,17.38
306,Paita,PE,2022-06-16 04:26:31,-5.0892,-81.1144,63.43,80,1,14.52
307,Batagay,RU,2022-06-16 04:26:31,67.6333,134.6333,68.58,37,83,12.1
308,Acajutla,SV,2022-06-16 04:26:32,13.5928,-89.8275,76.46,91,100,10.42
309,Puerto Ayacucho,VE,2022-06-16 04:26:32,5.6639,-67.6236,72.93,94,99,2.68
310,Coihueco,CL,2022-06-16 04:26:33,-36.6167,-71.8333,39.94,100,100,0.0
311,Quatre Cocos,MU,2022-06-16 04:26:33,-20.2078,57.7625,74.08,66,13,14.94
312,Rock Springs,US,2022-06-16 04:26:33,41.5875,-109.2029,60.04,25,0,11.5
313,Nabire,ID,2022-06-16 04:26:34,-3.3667,135.4833,85.33,64,82,4.61
314,Kalabo,ZM,2022-06-16 04:26:34,-14.97,22.6814,53.06,59,0,6.04
315,Talara,PE,2022-06-16 04:26:35,-4.5772,-81.2719,64.8,77,2,18.86
316,Kalianget,ID,2022-06-16 04:26:35,-7.05,113.9333,84.24,75,90,14.34
317,Davila,PH,2022-06-16 04:27:36,18.4726,120.5763,87.78,73,73,3.78
318,Sao Fidelis,BR,2022-06-16 04:27:36,-21.6461,-41.7469,58.73,91,24,1.54
319,Asau,RO,2022-06-16 04:27:37,46.4333,26.4,54.52,86,45,1.88
320,Ha Giang,VN,2022-06-16 04:27:37,22.8333,104.9833,83.53,86,100,2.95
321,Kayankulam,IN,2022-06-16 04:27:38,9.1833,76.5,81.73,78,100,10.51
322,Denpasar,ID,2022-06-16 04:27:05,-8.65,115.2167,85.66,74,20,8.05
323,Inhambane,MZ,2022-06-16 04:27:38,-23.865,35.3833,69.1,65,88,15.43
324,Comodoro Rivadavia,AR,2022-06-16 04:27:39,-45.8667,-67.5,39.06,75,0,3.44
325,Belaya Gora,RU,2022-06-16 04:27:39,68.5333,146.4167,74.35,24,48,9.91
326,Woodhaven,US,2022-06-16 04:23:54,42.1389,-83.2416,87.89,63,0,12.66
327,Saint-Francois,FR,2022-06-16 04:27:40,46.4154,3.9054,63.68,94,0,1.14
328,Arraial Do Cabo,BR,2022-06-16 04:26:08,-22.9661,-42.0278,67.75,77,7,9.95
329,Alofi,NU,2022-06-16 04:27:41,-19.0595,-169.9187,78.69,83,6,11.5
330,Boddam,GB,2022-06-16 04:27:41,57.4667,-1.7833,55.78,87,87,2.28
331,Naustdal,NO,2022-06-16 04:27:42,61.509,5.7168,53.13,96,75,2.3
332,Nogales,MX,2022-06-16 04:23:32,31.3086,-110.9422,81.25,12,0,3.44
333,Hirado,JP,2022-06-16 04:24:11,33.3597,129.5531,72.97,86,25,12.82
334,Aleksandrov Gay,RU,2022-06-16 04:27:43,50.147,48.5704,75.79,37,85,9.15
335,Beatrice,US,2022-06-16 04:23:20,40.2681,-96.747,70.45,77,0,8.48
336,Kutum,SD,2022-06-16 04:27:43,14.2,24.6667,76.73,27,48,6.76
337,Maniitsoq,GL,2022-06-16 04:27:44,65.4167,-52.9,35.64,73,77,1.3
338,Wolfen,DE,2022-06-16 04:27:44,51.6667,12.2833,62.47,77,95,6.76
339,Staunton,US,2022-06-16 04:27:45,38.1496,-79.0717,78.28,73,0,4.61
340,Husavik,IS,2022-06-16 04:27:46,66.0449,-17.3389,47.3,91,95,2.71
341,Tarko-Sale,RU,2022-06-16 04:27:46,64.9225,77.785,63.73,75,100,17.87
342,Zhigalovo,RU,2022-06-16 04:27:47,54.8097,105.1578,74.25,59,100,7.02
343,Leshukonskoye,RU,2022-06-16 04:27:47,64.8989,45.7622,61.81,88,100,8.7
344,Riohacha,CO,2022-06-16 04:27:47,11.5444,-72.9072,76.71,91,100,6.71
345,Honolulu,US,2022-06-16 04:25:34,21.3069,-157.8583,80.42,73,40,12.66
346,Alekseyevsk,RU,2022-06-16 04:27:48,57.8406,108.3492,77.02,42,80,4.05
347,Atocha,BO,2022-06-16 04:27:49,-20.9333,-66.2333,34.52,20,1,8.86
348,Manzil Salim,TN,2022-06-16 04:27:49,35.8567,8.4765,71.11,36,6,0.38
349,Sitka,US,2022-06-16 04:27:50,57.0531,-135.33,64.29,52,0,8.05
350,Pandan,PH,2022-06-16 04:27:50,14.0453,124.1694,87.87,64,59,7.23
351,Touros,BR,2022-06-16 04:27:51,-5.1989,-35.4608,74.07,83,16,9.13
352,Salalah,OM,2022-06-16 04:27:51,17.0151,54.0924,86.09,74,75,5.75
353,Naze,JP,2022-06-16 04:25:01,28.3667,129.4833,72.52,90,100,13.69
354,Aldan,RU,2022-06-16 04:27:52,58.6031,125.3894,66.2,44,5,5.88
355,Richards Bay,ZA,2022-06-16 04:27:52,-28.783,32.0377,54.41,62,3,11.48
356,San Isidro,PE,2022-06-16 04:27:52,-12.1167,-77.05,60.39,51,0,11.5
357,Praya,CV,2022-06-16 04:27:53,14.9215,-23.5087,73.94,83,20,18.41
358,Kruisfontein,ZA,2022-06-16 04:27:53,-34.0033,24.7314,44.89,78,24,7.65
359,Coahuayana,MX,2022-06-16 04:26:26,18.7333,-103.6833,78.55,90,100,2.77
360,Te Anau,NZ,2022-06-16 04:27:39,-45.4167,167.7167,46.11,92,100,3.6
361,Hai Duong,VN,2022-06-16 04:27:54,20.9333,106.3167,89.6,65,98,7.81
362,Rafai,CF,2022-06-16 04:27:55,4.95,23.9167,67.23,98,100,1.07
363,Puerto Palomas,MX,2022-06-16 04:27:55,31.7667,-107.6167,88.7,15,0,4.5
364,Matara,LK,2022-06-16 04:27:55,5.9485,80.5353,82.6,75,100,11.74
365,Petropavlovsk-Kamchatskiy,RU,2022-06-16 04:27:56,53.0452,158.6483,50.59,76,75,15.66
366,Kidal,ML,2022-06-16 04:28:57,18.4411,1.4078,81.97,48,99,19.33
367,Kuching,MY,2022-06-16 04:28:57,1.55,110.3333,77.22,94,40,3.0
368,Saint-Louis,SN,2022-06-16 04:28:57,16.3333,-15.0,78.37,60,23,12.35
369,Northam,GB,2022-06-16 04:28:58,51.0333,-4.2167,45.25,84,85,1.5
370,Byron Bay,AU,2022-06-16 04:27:49,-28.65,153.6167,72.95,48,0,4.72
371,Tura,IN,2022-06-16 04:28:59,25.5198,90.2201,74.91,96,100,7.27
372,Cidreira,BR,2022-06-16 04:25:43,-30.1811,-50.2056,57.42,86,3,4.79
373,Botwood,CA,2022-06-16 04:29:00,49.1499,-55.3482,50.9,78,17,4.9
374,Noumea,NC,2022-06-16 04:29:00,-22.2763,166.4572,80.58,99,95,10.18
375,Margate,GB,2022-06-16 04:29:01,51.3813,1.3862,58.69,86,26,1.43
376,Puerto Narino,CO,2022-06-16 04:29:01,-3.7703,-70.3831,69.87,98,41,0.31
377,Bacungan,PH,2022-06-16 04:29:02,9.9106,118.7022,91.45,58,20,6.91
378,Chuy,UY,2022-06-16 04:29:02,-33.6971,-53.4616,51.76,84,88,5.77
379,Vila Do Maio,CV,2022-06-16 04:29:02,15.1333,-23.2167,74.19,84,71,15.46
380,Belmonte,BR,2022-06-16 04:29:03,-15.8631,-38.8828,71.04,76,80,8.57
381,Mayumba,GA,2022-06-16 04:29:03,-3.432,10.6554,71.33,89,37,5.12
382,Rock Sound,BS,2022-06-16 04:29:04,24.9,-76.2,80.71,77,66,11.5
383,Great Yarmouth,GB,2022-06-16 04:27:43,52.6083,1.7305,54.41,79,6,3.2
384,Axim,GH,2022-06-16 04:29:04,4.8699,-2.2405,73.74,96,100,9.69
385,Sayyan,YE,2022-06-16 04:29:05,15.1718,44.3244,67.19,22,47,7.63
386,Cotonou,BJ,2022-06-16 04:29:05,6.3654,2.4183,75.18,94,20,4.61
387,Mahajanga,MG,2022-06-16 04:29:06,-15.7167,46.3167,69.82,88,20,4.61
388,Chumikan,RU,2022-06-16 04:29:06,54.7183,135.315,45.72,82,100,7.0
389,Bayan,CN,2022-06-16 04:29:07,46.0833,127.4,75.97,60,71,12.33
390,Dicabisagan,PH,2022-06-16 04:29:07,17.0818,122.4157,89.55,62,98,8.03
391,Toumodi,CI,2022-06-16 04:29:07,6.5613,-5.0158,71.53,98,100,3.0
392,Nurmahal,IN,2022-06-16 04:29:08,31.0964,75.5967,100.15,23,19,5.44
393,Cockburn Town,TC,2022-06-16 04:28:25,21.4612,-71.1419,81.34,82,17,18.52
394,Brazzaville,CG,2022-06-16 04:25:34,-4.2658,15.2832,73.58,64,7,4.14
395,Merzifon,TR,2022-06-16 04:29:09,40.8733,35.4631,58.46,88,40,0.0
396,San Luis,AR,2022-06-16 04:28:44,-33.295,-66.3356,43.61,50,0,5.39
397,Leningradskiy,RU,2022-06-16 04:29:10,69.3833,178.4167,40.86,70,88,9.17
398,Rogers,US,2022-06-16 04:29:10,36.3668,-95.5836,83.91,81,94,1.99
399,San Cristobal,VE,2022-06-16 04:29:11,7.7669,-72.225,68.18,97,98,2.64
400,Oranjemund,NA,2022-06-16 04:29:11,-28.55,16.4333,56.8,44,45,15.37
401,Narsaq,GL,2022-06-16 04:29:12,60.9167,-46.05,44.82,66,2,1.63
402,Namibe,AO,2022-06-16 04:29:12,-15.1961,12.1522,63.81,68,9,2.62
403,Adrar,MR,2022-06-16 04:29:13,20.5022,-10.0711,87.35,31,16,9.91
404,Nalut,LY,2022-06-16 04:29:13,30.3333,10.85,69.96,39,0,11.81
405,Barranca,PE,2022-06-16 04:29:14,-10.75,-77.7667,60.57,82,29,12.71
406,Bairiki,KI,2022-06-16 04:29:14,1.3292,172.9752,86.0,66,20,8.05
407,Pisco,PE,2022-06-16 04:29:15,-13.7,-76.2167,58.01,88,100,5.75
408,San Carlos,VE,2022-06-16 04:29:15,9.6612,-68.5827,73.2,87,98,1.61
409,Longview,US,2022-06-16 04:28:45,32.5007,-94.7405,86.25,67,0,5.75
410,Sioux Lookout,CA,2022-06-16 04:29:16,50.1001,-91.917,57.27,94,40,8.05
411,Aksu,CN,2022-06-16 04:30:16,41.1231,80.2644,89.46,14,100,3.51
412,Kasongo-Lunda,CD,2022-06-16 04:30:17,-6.4667,16.8167,66.09,68,17,1.59
413,Porto Nacional,BR,2022-06-16 04:30:17,-10.7081,-48.4172,75.2,52,50,0.13
414,Muswellbrook,AU,2022-06-16 04:30:18,-32.2667,150.9,68.32,45,7,8.95
415,Melo,UY,2022-06-16 04:30:18,-32.3667,-54.1833,50.47,90,94,3.87
416,Hof,DE,2022-06-16 04:30:19,50.3167,11.9167,62.62,73,75,1.01
417,Berlevag,NO,2022-06-16 04:28:08,70.8578,29.0864,39.2,87,100,13.8
418,Upington,ZA,2022-06-16 04:30:20,-28.4478,21.2561,34.18,86,0,1.14
419,Saint Anthony,US,2022-06-16 04:30:20,45.0205,-93.218,69.58,72,0,9.22
420,Ostrovnoy,RU,2022-06-16 04:27:19,68.0531,39.5131,43.88,87,100,15.75
421,Cooma,AU,2022-06-16 04:28:56,-36.2333,149.1333,50.36,69,79,11.48
422,Opuwo,NA,2022-06-16 04:29:27,-18.0607,13.84,54.18,42,3,7.02
423,Voyvozh,RU,2022-06-16 04:30:21,62.892,54.9635,70.59,42,80,8.61
424,Kasempa,ZM,2022-06-16 04:30:22,-13.4584,25.8338,53.71,52,0,3.27
425,Marystown,CA,2022-06-16 04:30:22,47.1666,-55.1483,45.86,100,0,0.76
426,Loandjili,CG,2022-06-16 04:28:34,-4.7561,11.8578,71.71,94,40,0.0
427,Areka,ET,2022-06-16 04:30:23,7.0667,37.7,62.62,85,72,1.07
428,Slave Lake,CA,2022-06-16 04:25:46,55.2834,-114.769,60.78,67,75,5.75
429,Marawi,PH,2022-06-16 04:30:23,7.9986,124.2928,80.71,67,29,8.14
430,Lata,PT,2022-06-16 04:30:24,40.1629,-8.3327,60.01,98,68,1.41
431,Khanu Woralaksaburi,TH,2022-06-16 04:30:24,16.0617,99.8606,93.69,49,100,4.27
432,Bowen,AU,2022-06-16 04:30:25,-20.0167,148.2333,76.3,63,41,9.69
433,Cerrito,CO,2022-06-16 04:30:25,6.8432,-72.694,49.78,92,92,5.86
434,Ancud,CL,2022-06-16 04:27:32,-41.8697,-73.8203,46.22,91,80,4.65
435,Pechenga,RU,2022-06-16 04:30:26,69.5259,31.1703,42.28,94,100,21.25
436,Maralal,KE,2022-06-16 04:30:27,1.0968,36.698,60.19,67,32,6.71
437,Najran,SA,2022-06-16 04:25:47,17.4924,44.1277,81.25,16,88,2.42
438,Orcotuna,PE,2022-06-16 04:30:27,-11.9667,-75.3333,38.7,82,4,1.86
439,Tiznit,MA,2022-06-16 04:30:27,29.5833,-9.5,67.3,68,40,2.26
440,Muros,ES,2022-06-16 04:30:28,42.7762,-9.0603,67.84,83,38,10.18
441,Ambulu,ID,2022-06-16 04:30:29,-8.345,113.6058,85.33,72,63,6.8
442,Klaksvik,FO,2022-06-16 04:27:33,62.2266,-6.589,49.12,96,96,7.65
443,Jabinyanah,TN,2022-06-16 04:30:29,35.035,10.9081,69.6,67,8,6.04
444,Russell,US,2022-06-16 04:30:30,32.3502,-85.1999,74.8,94,0,0.0
445,Yaypan,UZ,2022-06-16 04:30:30,40.3758,70.8156,85.06,33,60,8.5
446,Tomar,PT,2022-06-16 04:30:31,39.602,-8.4092,65.32,87,62,2.91
447,Arawa,PG,2022-06-16 04:30:31,-6.2132,155.5367,82.9,75,84,4.25
448,Gropnita,RO,2022-06-16 04:30:32,47.35,27.25,64.72,62,79,1.48
449,Springdale,US,2022-06-16 04:30:08,36.1867,-94.1288,80.33,86,0,6.91
450,Zhezkazgan,KZ,2022-06-16 04:30:33,47.8043,67.7144,76.98,29,0,8.95
451,Saint-Raymond,CA,2022-06-16 04:30:33,45.467,-73.6095,70.12,68,0,5.75
452,Sao Miguel Do Araguaia,BR,2022-06-16 04:29:28,-13.275,-50.1628,72.05,62,14,2.77
453,Braganca,BR,2022-06-16 04:30:34,-1.0536,-46.7656,68.88,95,61,2.71
454,Homer,US,2022-06-16 04:30:35,59.6425,-151.5483,60.67,62,0,12.66
455,Sangar,RU,2022-06-16 04:30:35,63.9242,127.4739,68.14,48,42,14.99
456,Hailey,US,2022-06-16 04:30:35,43.5196,-114.3153,48.06,70,0,5.01
457,Alta Floresta,BR,2022-06-16 04:31:36,-9.8756,-56.0861,72.14,74,48,1.88
458,Hernani,ES,2022-06-16 04:31:36,43.2662,-1.9762,70.21,88,20,5.75
459,Miri,MY,2022-06-16 04:31:37,4.4148,114.0089,86.14,79,40,5.75
460,Afsin,TR,2022-06-16 04:31:37,38.2477,36.914,65.64,48,1,2.91
461,Sidi Ali,DZ,2022-06-16 04:31:37,36.0998,0.4206,77.02,52,67,4.47
462,Bengkulu,ID,2022-06-16 04:27:31,-3.8004,102.2655,83.44,66,90,3.83
463,Cururupu,BR,2022-06-16 04:31:38,-1.8283,-44.8683,71.38,90,89,2.44
464,Ndola,ZM,2022-06-16 04:31:39,-12.9587,28.6366,53.65,65,5,3.53
465,Sobolevo,RU,2022-06-16 04:31:39,54.4299,31.8996,54.77,79,0,10.09
466,Rognan,NO,2022-06-16 04:31:40,67.0953,15.3878,49.75,84,99,2.48
467,Iisalmi,FI,2022-06-16 04:31:40,63.5592,27.1907,47.01,89,100,12.5
468,Masyaf,SY,2022-06-16 04:31:41,35.0653,36.3406,74.1,52,0,0.38
469,Bambous Virieux,MU,2022-06-16 04:31:41,-20.3428,57.7575,75.22,83,20,10.36
470,Tadine,NC,2022-06-16 04:31:42,-21.55,167.8833,75.96,82,10,18.32
471,Bulgan,MN,2022-06-16 04:31:42,48.8125,103.5347,72.93,55,72,2.66
472,Bilibino,RU,2022-06-16 04:31:43,68.0546,166.4372,59.45,24,1,5.55
473,Waki,JP,2022-06-16 04:31:43,34.0667,134.15,80.02,80,100,1.9
474,Tomari,RU,2022-06-16 04:31:44,47.7658,142.0683,59.79,68,75,9.22
475,Severo-Yeniseyskiy,RU,2022-06-16 04:31:44,60.3725,93.0408,74.59,40,78,5.19
476,Dwarka,IN,2022-06-16 04:31:45,22.2394,68.9678,86.92,70,51,15.86
477,Port Augusta,AU,2022-06-16 04:31:45,-32.5,137.7667,64.76,48,0,3.87
478,Coruripe,BR,2022-06-16 04:31:46,-10.1256,-36.1756,74.57,80,100,13.65
479,Necochea,AR,2022-06-16 04:30:10,-38.5473,-58.7368,47.79,89,100,6.2
480,Balabac,PH,2022-06-16 04:31:46,7.9868,117.0645,86.07,68,96,10.02
481,Morant Bay,JM,2022-06-16 04:31:47,17.8815,-76.4093,80.22,85,100,8.61
482,Mount Isa,AU,2022-06-16 04:31:47,-20.7333,139.5,76.77,25,39,13.8
483,Pemba,MZ,2022-06-16 04:31:48,-12.974,40.5178,70.5,100,20,5.75
484,Artemisa,CU,2022-06-16 04:31:48,22.814,-82.7561,77.27,87,4,6.35
485,Kinwat,IN,2022-06-16 04:31:48,19.6333,78.2,85.98,63,96,5.86
486,Kempele,FI,2022-06-16 04:31:49,64.9131,25.5034,46.42,93,100,19.57
487,Malka,RU,2022-06-16 04:31:49,43.8039,43.3242,68.14,70,70,4.7
488,Blankenberge,BE,2022-06-16 04:31:50,51.3131,3.1323,58.95,74,24,6.06
489,Saint-Felicien,CA,2022-06-16 04:31:50,48.6501,-72.4491,65.08,59,40,5.75
490,Boyolangu,ID,2022-06-16 04:31:51,-8.1181,111.8935,84.76,71,36,4.83
491,Okha,RU,2022-06-16 04:27:31,53.5739,142.9478,50.74,84,100,7.85
492,Houlton,US,2022-06-16 04:31:51,46.1262,-67.8403,59.72,77,0,3.44
493,Otukpo,NG,2022-06-16 04:31:52,7.1913,8.1329,72.25,96,98,3.6
494,Kemijarvi,FI,2022-06-16 04:28:33,66.7131,27.4306,43.45,96,100,14.81
495,Bykovo,RU,2022-06-16 04:31:53,55.6361,38.0803,62.33,63,0,6.71
496,Bucine,IT,2022-06-16 04:31:53,43.4764,11.6148,68.63,72,71,1.34
497,Walvis Bay,NA,2022-06-16 04:31:54,-22.9575,14.5053,52.75,43,0,8.05
498,Sao Jose Da Coroa Grande,BR,2022-06-16 04:31:54,-8.8978,-35.1478,74.59,90,56,10.31
499,Skibbereen,IE,2022-06-16 04:31:55,51.55,-9.2667,56.1,92,100,4.94
500,Wyndham,US,2022-06-16 04:31:55,37.6985,-77.6125,78.6,61,100,4.61
501,Acapulco,MX,2022-06-16 04:31:56,16.8634,-99.8901,75.02,100,100,12.66
502,Kawalu,ID,2022-06-16 04:31:56,-7.3817,108.2082,85.55,62,81,3.98
503,Ranong,TH,2022-06-16 04:31:56,9.9658,98.6348,87.73,62,47,3.71
504,Ouro Fino,BR,2022-06-16 04:31:57,-22.2831,-46.3692,54.0,76,29,3.27
505,Haicheng,CN,2022-06-16 04:32:57,40.8516,122.7475,79.61,51,7,11.79
506,Buenavista,PH,2022-06-16 04:32:58,8.9769,125.4089,89.67,57,95,2.59
507,Chiredzi,ZW,2022-06-16 04:28:39,-21.05,31.6667,53.94,71,9,3.56
508,Tucuma,BR,2022-06-16 04:29:29,-0.1833,-50.05,75.16,84,63,5.7
509,Tanete,ID,2022-06-16 04:32:59,-3.9443,119.7848,84.58,69,71,9.37
510,Pontianak,ID,2022-06-16 04:32:59,-0.0333,109.3333,78.78,94,75,4.61
511,Meulaboh,ID,2022-06-16 04:33:00,4.1363,96.1285,82.06,70,100,6.42
512,Villarrobledo,ES,2022-06-16 04:32:15,39.2699,-2.6012,76.78,44,98,9.71
513,Kununurra,AU,2022-06-16 04:33:01,-15.7667,128.7333,85.98,15,91,12.66
514,Lompoc,US,2022-06-16 04:31:03,34.6391,-120.4579,62.56,84,0,8.05
515,Tomatlan,MX,2022-06-16 04:33:01,19.9333,-105.25,77.0,90,100,2.53
516,Thinadhoo,MV,2022-06-16 04:33:02,0.5333,72.9333,83.57,69,93,5.39
517,Luba,GQ,2022-06-16 04:33:02,3.4568,8.5547,75.09,85,94,11.07
518,Myurego,RU,2022-06-16 04:33:03,42.4109,47.693,73.0,47,47,8.32
519,Camabatela,AO,2022-06-16 04:33:03,-8.1881,15.375,55.65,65,36,1.43
520,Itarema,BR,2022-06-16 04:33:04,-2.9248,-39.9167,72.99,85,15,11.16
521,Nadvoitsy,RU,2022-06-16 04:33:04,63.8667,34.3167,52.43,90,79,5.46
522,Porto Walter,BR,2022-06-16 04:29:41,-8.2686,-72.7439,69.3,82,1,1.3
523,Yabelo,ET,2022-06-16 04:33:05,4.8833,38.0833,58.75,79,89,10.63
524,Vysokogornyy,RU,2022-06-16 04:33:05,50.1167,139.15,78.42,33,20,9.26
525,Lufilufi,WS,2022-06-16 04:33:06,-13.8745,-171.5986,83.98,78,22,18.9
526,General Roca,AR,2022-06-16 04:33:06,-39.0333,-67.5833,41.63,75,1,6.04
527,Tikapur,NP,2022-06-16 04:33:07,28.5,81.1333,105.1,26,1,5.88
528,Hafizabad,PK,2022-06-16 04:33:07,32.0679,73.6854,106.29,21,13,5.61
529,Fairbanks,US,2022-06-16 04:32:42,64.8378,-147.7164,70.14,52,20,13.8
530,Shaunavon,CA,2022-06-16 04:33:07,49.6501,-108.4181,53.38,90,100,25.26
531,Manthani,IN,2022-06-16 04:33:08,18.65,79.6667,87.75,61,100,6.31
532,Vao,NC,2022-06-16 04:33:08,-22.6667,167.4833,74.52,81,86,20.85
533,Kadoma,JP,2022-06-16 04:33:09,34.7333,135.5833,81.18,62,75,11.5
534,Stratonion,GR,2022-06-16 04:33:09,40.5141,23.8247,71.96,80,29,3.58
535,Hobyo,SO,2022-06-16 04:33:10,5.3505,48.5268,80.91,77,90,20.92
536,Manati,PR,2022-06-16 04:33:10,18.4275,-66.4921,79.68,99,100,7.43
537,Gat,IL,2022-06-16 04:33:11,31.61,34.7642,75.81,100,0,8.12
538,Yulara,AU,2022-06-16 04:33:12,-25.2406,130.9889,71.29,29,10,3.58
539,Nipawin,CA,2022-06-16 04:30:12,53.3668,-104.0009,55.44,94,40,8.05
540,Pimentel,PE,2022-06-16 04:33:12,-6.8367,-79.9342,61.48,88,1,14.65
541,Komsomolskiy,UZ,2022-06-16 04:28:43,40.4272,71.7189,79.52,36,54,4.61
542,Amargosa,BR,2022-06-16 04:33:13,-13.0303,-39.6047,58.41,96,9,4.16
543,Asosa,ET,2022-06-16 04:33:13,10.0667,34.5333,63.01,93,100,4.21
544,Road Town,VG,2022-06-16 04:28:36,18.4167,-64.6167,82.49,79,100,18.92
545,Kumi,KR,2022-06-16 04:33:14,36.1136,128.336,80.28,41,33,9.93
546,Tukrah,LY,2022-06-16 04:33:15,32.5341,20.5791,74.07,71,0,5.5
547,Soligalich,RU,2022-06-16 04:33:15,59.0778,42.2864,58.41,72,89,10.13
548,Phetchaburi,TH,2022-06-16 04:33:16,12.9667,99.5833,93.79,47,95,3.33
549,Cochrane,CA,2022-06-16 04:28:32,51.1834,-114.4687,53.2,78,100,10.36
550,Progreso,MX,2022-06-16 04:33:16,21.2833,-89.6667,77.11,91,4,11.7
551,Kesova Gora,RU,2022-06-16 04:33:14,57.5836,37.2922,57.87,76,90,11.59
552,San Policarpo,PH,2022-06-16 04:34:17,12.1791,125.5072,86.0,66,55,7.4
553,Quelimane,MZ,2022-06-16 04:34:18,-17.8786,36.8883,66.15,94,0,2.3
554,Praia Da Vitoria,PT,2022-06-16 04:33:57,38.7333,-27.0667,62.85,82,40,9.46
555,Rawson,AR,2022-06-16 04:34:18,-43.3002,-65.1023,45.14,81,14,10.87
556,Anguillara Sabazia,IT,2022-06-16 04:34:19,42.0875,12.2767,74.3,74,39,2.84
557,Valdivia,CL,2022-06-16 04:34:19,-39.8142,-73.2459,41.09,97,5,0.2
558,Kyshtovka,RU,2022-06-16 04:32:12,56.555,76.6271,58.84,83,100,8.61
559,Nemetker,HU,2022-06-16 04:34:20,46.7164,18.7631,63.37,64,9,2.42
560,Tagusao,PH,2022-06-16 04:34:21,9.1924,117.8141,87.48,61,99,2.57
561,Gerash,IR,2022-06-16 04:34:21,27.6652,54.1371,87.94,12,2,2.42
562,Mount Gambier,AU,2022-06-16 04:34:22,-37.8333,140.7667,53.51,87,75,9.22
